{
    "[RIVER, TIME] One Step LK": 6.762680530548096,
    "[RIVER, MSE] Original video": 46.84747208436725,
    "[RIVER, MSE] One Step LK": 679.278557111175,
    "[RIVER, TIME] Full LK": 115.8059093952179,
    "[RIVER, MSE] Full LK": 35.33852449877073
}