{
    "[RIVER, TIME] One Step LK": 7.72735333442688,
    "[RIVER, MSE] Original video": 46.84747208436725,
    "[RIVER, MSE] One Step LK": 679.278557111175,
    "[RIVER, TIME] Full LK": 26.175275087356567,
    "[RIVER, MSE] Full LK": 54.52742614914545
}