{
    "[RIVER, TIME] One Step LK": 4.589333772659302,
    "[RIVER, TIME] Full LK": 22.32746434211731,
    "[RIVER, MSE] Full LK": 364.8028070719603
}