{
    "[RIVER, TIME] One Step LK": 4.409808874130249,
    "[RIVER, MSE] Original video": 46.84747208436725,
    "[RIVER, MSE] One Step LK": 626.078113834629,
    "[RIVER, TIME] Full LK": 20.267070055007935,
    "[RIVER, MSE] Full LK": 364.8028070719603
}