{
    "[RIVER, TIME] One Step LK": 4.448820114135742,
    "[RIVER, TIME] Full LK": 21.32434916496277,
    "[RIVER, MSE] Full LK": 364.8028070719603
}