{
    "[RIVER, TIME] One Step LK": 4.415236473083496,
    "[RIVER, TIME] Full LK": 1.3899543285369873,
    "[RIVER, MSE] Full LK": 364.8028070719603
}