{
    "[TAU, TIME] naive LK implementation": 1165.0206866264343,
    "[TAU, TIME] FASTER LK implementation": 536.258064031601,
    "[TAU, TIME] FASTER, WITHOUT BORDERS LK implementation ": 563.267648935318,
    "[TAU, MSE] original video ": 60.2267868043959,
    "[TAU, MSE] naive implementation ": 24.605144980039487,
    "[TAU, MSE] FASTER implementation ": 38.47655514355937,
    "[TAU, MSE] FASTER, WITHOUT BORDERS LK implementation ": 34.6609674686112
}